zeitpunkt,streams,zuschauer
2026-07-13T03:22:01+02:00,59,4635
2026-07-13T08:39:29+02:00,31,1630
2026-07-13T12:02:02+02:00,61,4049
2026-07-13T14:38:55+02:00,87,5358
2026-07-13T17:36:59+02:00,137,7907
2026-07-13T19:35:17+02:00,219,11285
2026-07-13T21:02:11+02:00,236,12624
2026-07-13T22:22:27+02:00,226,5375
2026-07-13T23:31:29+02:00,190,6229
2026-07-14T00:32:18+02:00,126,5048
2026-07-14T01:30:00+02:00,109,3399
2026-07-14T02:58:17+02:00,69,2548
2026-07-14T06:12:23+02:00,24,715
2026-07-14T08:29:57+02:00,30,1104
2026-07-14T10:39:52+02:00,49,3349
2026-07-14T12:27:03+02:00,66,3745
2026-07-14T13:59:36+02:00,108,4195
2026-07-14T16:07:43+02:00,134,4355
2026-07-14T17:51:49+02:00,158,4688
2026-07-14T19:02:57+02:00,201,5812
2026-07-14T20:14:17+02:00,232,5368
2026-07-14T21:48:17+02:00,200,4316
2026-07-14T22:46:20+02:00,178,3489
2026-07-14T23:41:51+02:00,157,4556
2026-07-15T00:42:12+02:00,140,4599
2026-07-15T01:37:31+02:00,109,5771
2026-07-15T03:03:03+02:00,54,1988
2026-07-15T06:14:21+02:00,15,235
2026-07-15T08:32:22+02:00,17,2724
2026-07-15T10:57:19+02:00,60,3908
2026-07-15T13:00:40+02:00,80,4459
2026-07-15T14:22:49+02:00,96,4456
2026-07-15T16:23:39+02:00,133,4218
2026-07-15T18:06:43+02:00,166,3707
2026-07-15T19:36:14+02:00,226,16022
2026-07-15T20:43:42+02:00,231,4666
2026-07-15T21:57:01+02:00,208,3600
2026-07-15T23:11:33+02:00,181,5294
2026-07-16T00:17:23+02:00,163,7274
2026-07-16T01:17:13+02:00,123,3811
2026-07-16T02:13:59+02:00,88,2775
2026-07-16T05:43:42+02:00,23,484
2026-07-16T08:06:44+02:00,23,587
2026-07-16T10:31:03+02:00,56,3059
2026-07-16T12:30:42+02:00,72,4472
2026-07-16T14:05:51+02:00,91,5512
2026-07-16T16:17:57+02:00,128,6277
2026-07-16T17:50:45+02:00,132,6124
2026-07-16T18:59:07+02:00,177,7847
2026-07-16T20:15:47+02:00,210,16387
2026-07-16T21:37:02+02:00,246,15106
2026-07-16T22:33:25+02:00,228,15773
2026-07-16T23:41:16+02:00,195,12470
2026-07-17T00:42:40+02:00,140,2952
2026-07-17T01:43:03+02:00,86,2266
2026-07-17T03:15:35+02:00,54,1725
2026-07-17T06:29:49+02:00,31,911
2026-07-17T08:59:47+02:00,40,1286
2026-07-17T11:18:25+02:00,71,3073
2026-07-17T12:59:23+02:00,89,3942
2026-07-17T14:18:22+02:00,106,5956
2026-07-17T16:08:16+02:00,127,4889
2026-07-17T17:48:14+02:00,162,8065
2026-07-17T18:54:04+02:00,194,11764
2026-07-17T20:14:05+02:00,234,12386
2026-07-17T21:36:26+02:00,270,14022
2026-07-17T22:31:25+02:00,278,12730
2026-07-17T23:26:49+02:00,273,12858
2026-07-18T00:27:24+02:00,211,12061
2026-07-18T01:30:02+02:00,148,3474
2026-07-18T03:02:23+02:00,81,1894
2026-07-18T06:09:43+02:00,18,800
2026-07-18T08:24:11+02:00,28,1015
2026-07-18T10:24:58+02:00,54,1858
2026-07-18T12:02:20+02:00,92,2668
2026-07-18T13:14:56+02:00,102,4072
2026-07-18T14:08:22+02:00,139,4952
2026-07-18T15:53:58+02:00,170,5588
2026-07-18T17:07:39+02:00,162,5413
2026-07-18T18:14:19+02:00,201,10345
2026-07-18T19:26:14+02:00,223,15366
2026-07-18T20:32:23+02:00,228,12416
2026-07-18T21:47:03+02:00,285,13699
2026-07-18T22:32:42+02:00,287,12907
2026-07-18T23:29:39+02:00,232,12075
2026-07-19T00:28:11+02:00,171,4036
2026-07-19T01:32:14+02:00,142,3492
2026-07-19T03:06:28+02:00,81,2516
2026-07-19T06:32:00+02:00,25,804
2026-07-19T09:10:03+02:00,34,1625
2026-07-19T11:22:07+02:00,69,2545
2026-07-19T12:50:15+02:00,102,4986
2026-07-19T13:46:27+02:00,133,5660
2026-07-19T14:40:43+02:00,190,13947
2026-07-19T16:16:24+02:00,203,11839
2026-07-19T17:27:11+02:00,223,12612
2026-07-19T18:30:17+02:00,236,17638
2026-07-19T19:36:43+02:00,236,16064
2026-07-19T20:36:35+02:00,253,14601
2026-07-19T21:50:28+02:00,194,3598
2026-07-19T22:34:47+02:00,158,3245
2026-07-19T23:31:44+02:00,119,3067
2026-07-20T00:29:47+02:00,89,3540
2026-07-20T01:34:08+02:00,95,3668
2026-07-20T03:09:47+02:00,59,3370
2026-07-20T06:56:12+02:00,24,1100
2026-07-20T10:14:59+02:00,47,2190
2026-07-20T13:17:03+02:00,85,5187
2026-07-20T15:20:31+02:00,105,4973
2026-07-20T17:24:26+02:00,165,5051
2026-07-20T19:04:34+02:00,197,11028
2026-07-20T21:05:00+02:00,263,15574
2026-07-20T22:38:31+02:00,234,17251
2026-07-20T23:52:58+02:00,175,13000
2026-07-21T01:10:31+02:00,124,5010
2026-07-21T02:15:26+02:00,90,2988
2026-07-21T05:51:44+02:00,23,873
2026-07-21T08:21:46+02:00,25,1218
2026-07-21T11:07:27+02:00,43,3297
2026-07-21T13:20:55+02:00,85,3728
2026-07-21T14:49:02+02:00,110,3134
2026-07-21T16:51:18+02:00,123,4474
2026-07-21T18:13:54+02:00,190,19223
2026-07-21T19:48:38+02:00,231,16534
2026-07-21T20:58:17+02:00,250,19324
2026-07-21T22:23:10+02:00,240,17556
2026-07-21T23:42:55+02:00,191,15652
2026-07-22T00:39:55+02:00,157,6225
2026-07-22T01:43:37+02:00,108,4123
2026-07-22T03:10:38+02:00,69,3380
2026-07-22T06:38:41+02:00,22,976
2026-07-22T09:26:23+02:00,37,2429
2026-07-22T12:03:55+02:00,78,4423
2026-07-22T14:00:31+02:00,109,4054
2026-07-22T16:18:16+02:00,134,3799
2026-07-22T17:54:24+02:00,157,6695
2026-07-22T19:36:56+02:00,259,13607
2026-07-22T20:46:10+02:00,299,15586
2026-07-22T22:01:51+02:00,274,14359
2026-07-22T23:18:26+02:00,202,16523
2026-07-23T00:28:47+02:00,144,12834
2026-07-23T01:34:42+02:00,103,5061
2026-07-23T03:08:09+02:00,76,2548
2026-07-23T06:40:55+02:00,29,536
2026-07-23T09:24:34+02:00,40,2805
2026-07-23T12:02:20+02:00,81,5943
2026-07-23T13:59:27+02:00,102,7451
2026-07-23T16:26:18+02:00,122,5988
2026-07-23T18:11:17+02:00,174,9730
2026-07-23T19:50:45+02:00,235,16782
2026-07-23T20:55:28+02:00,264,14050
2026-07-23T22:17:58+02:00,230,15334
2026-07-23T23:31:20+02:00,198,16690
2026-07-24T00:33:46+02:00,154,12024
2026-07-24T01:33:02+02:00,120,3860
2026-07-24T03:02:52+02:00,76,2410
2026-07-24T06:25:52+02:00,30,486
2026-07-24T09:13:08+02:00,44,1886
2026-07-24T11:39:09+02:00,76,4025
2026-07-24T13:27:05+02:00,78,4128
2026-07-24T15:04:27+02:00,95,3751
2026-07-24T17:03:50+02:00,122,8591
2026-07-24T18:53:29+02:00,180,11013
2026-07-24T20:40:12+02:00,266,11710
2026-07-24T22:05:38+02:00,267,4507
2026-07-24T23:18:22+02:00,270,12337
2026-07-25T00:31:08+02:00,210,11437
2026-07-25T01:37:43+02:00,159,9183
2026-07-25T03:15:14+02:00,89,5584
2026-07-25T06:32:49+02:00,17,599
2026-07-25T08:59:11+02:00,38,1550
2026-07-25T11:08:08+02:00,75,4959
2026-07-25T12:47:54+02:00,102,10782
2026-07-25T13:53:33+02:00,115,12814
2026-07-25T15:56:47+02:00,142,20375
2026-07-25T17:15:07+02:00,165,12982
2026-07-25T18:14:40+02:00,156,12715
2026-07-25T19:26:07+02:00,151,11247
2026-07-25T20:32:27+02:00,185,8893
2026-07-25T21:49:14+02:00,214,12584
2026-07-25T22:37:00+02:00,222,14385
2026-07-25T23:34:15+02:00,226,14880
2026-07-26T00:32:24+02:00,193,8988
2026-07-26T01:36:38+02:00,151,6798
2026-07-26T03:12:51+02:00,91,2623
2026-07-26T06:47:00+02:00,30,979
2026-07-26T09:26:57+02:00,51,1422
2026-07-26T11:37:06+02:00,101,5117
2026-07-26T13:07:42+02:00,126,5937
2026-07-26T14:33:13+02:00,160,6484
2026-07-26T16:12:03+02:00,181,7516
2026-07-26T17:33:37+02:00,210,9965
2026-07-26T18:31:55+02:00,220,13928
2026-07-26T19:38:33+02:00,235,15758
2026-07-26T20:46:06+02:00,278,18563
2026-07-26T21:59:27+02:00,251,18907
2026-07-26T23:08:28+02:00,195,8293
2026-07-27T00:16:03+02:00,146,8310
2026-07-27T01:16:18+02:00,119,4542
2026-07-27T02:16:52+02:00,88,3175
2026-07-27T06:08:59+02:00,31,1364
2026-07-27T09:57:11+02:00,46,3218
2026-07-27T13:35:20+02:00,87,6228
2026-07-27T15:56:29+02:00,121,4374
2026-07-27T18:30:22+02:00,179,6261
2026-07-27T20:09:11+02:00,228,6855
2026-07-27T21:59:45+02:00,268,6888
2026-07-27T23:20:33+02:00,219,7175
2026-07-28T00:31:17+02:00,166,5233
2026-07-28T01:40:02+02:00,115,4211
2026-07-28T03:09:36+02:00,68,2153
2026-07-28T06:30:54+02:00,27,612
2026-07-28T09:20:46+02:00,37,1486
2026-07-28T12:01:33+02:00,94,3326
2026-07-28T14:06:34+02:00,99,4305
2026-07-28T16:32:13+02:00,123,2069
2026-07-28T18:20:21+02:00,197,3487
2026-07-28T19:49:01+02:00,239,7737
2026-07-28T20:59:12+02:00,275,5096
2026-07-28T22:22:21+02:00,249,8022
2026-07-28T23:43:40+02:00,198,6585
2026-07-29T00:45:01+02:00,144,5007
2026-07-29T01:45:25+02:00,67,1989
2026-07-29T03:13:07+02:00,41,1569
2026-07-29T06:36:23+02:00,9,425
2026-07-29T09:29:21+02:00,23,1867
2026-07-29T12:14:26+02:00,45,6180
2026-07-29T14:24:55+02:00,78,5723
2026-07-29T16:55:52+02:00,123,5804
2026-07-29T18:36:59+02:00,195,26085
2026-07-29T19:53:11+02:00,247,29528
2026-07-29T21:38:29+02:00,434,39899
2026-07-29T22:39:57+02:00,410,29236
2026-07-29T23:41:18+02:00,308,24358
2026-07-30T00:43:33+02:00,212,18239
2026-07-30T01:46:33+02:00,147,13337
2026-07-30T03:05:25+02:00,89,8382
2026-07-30T06:16:12+02:00,31,2931
2026-07-30T08:45:33+02:00,44,3966
2026-07-30T11:21:30+02:00,102,10572
2026-07-30T13:26:53+02:00,127,22968
2026-07-30T15:11:14+02:00,162,24465
2026-07-30T17:27:01+02:00,206,26283
2026-07-30T19:06:27+02:00,281,29345
2026-07-30T20:42:10+02:00,343,31130
2026-07-30T22:07:55+02:00,307,31168
2026-07-30T23:36:15+02:00,231,29673
2026-07-31T00:44:23+02:00,179,20787
2026-07-31T01:45:21+02:00,128,15484
2026-07-31T03:17:51+02:00,85,12483
2026-07-31T06:48:09+02:00,25,3433
2026-07-31T09:40:39+02:00,56,5577
2026-07-31T12:21:59+02:00,90,14698
2026-07-31T14:24:38+02:00,130,20315
2026-07-31T17:05:13+02:00,174,30273
2026-07-31T18:54:11+02:00,217,29919
2026-07-31T20:40:44+02:00,268,13492
2026-07-31T22:11:57+02:00,312,14657
2026-07-31T23:32:14+02:00,266,16437
2026-08-01T00:37:57+02:00,227,15647
2026-08-01T01:46:36+02:00,161,6414
2026-08-01T03:19:28+02:00,103,9638
2026-08-01T06:43:16+02:00,32,1909
2026-08-01T09:18:13+02:00,49,2557
2026-08-01T11:27:29+02:00,84,5436
2026-08-01T13:03:08+02:00,109,6588
2026-08-01T14:09:20+02:00,132,20566
2026-08-01T16:01:26+02:00,147,22754
2026-08-01T17:11:53+02:00,162,10176
2026-08-01T18:17:07+02:00,177,11856
2026-08-01T19:27:10+02:00,188,14789
2026-08-01T20:33:49+02:00,229,30337
2026-08-01T21:49:04+02:00,283,32612
2026-08-01T22:37:00+02:00,273,16473
2026-08-01T23:34:43+02:00,283,16320
2026-08-02T00:33:24+02:00,241,14828
2026-08-02T01:34:02+02:00,200,20910
2026-08-02T03:11:15+02:00,121,10363
2026-08-02T06:43:33+02:00,37,5866
2026-08-02T09:24:31+02:00,47,1472
2026-08-02T11:35:57+02:00,93,9268
2026-08-02T13:05:09+02:00,135,13366
2026-08-02T14:11:57+02:00,185,14343
2026-08-02T16:02:51+02:00,198,16840
2026-08-02T17:13:33+02:00,204,17526
2026-08-02T18:17:33+02:00,224,18165
2026-08-02T19:28:17+02:00,258,13991
2026-08-02T20:35:24+02:00,265,14090
2026-08-02T21:49:06+02:00,288,10416
2026-08-02T22:38:39+02:00,243,7201
2026-08-02T23:40:17+02:00,179,6114
2026-08-03T00:41:20+02:00,135,9494
2026-08-03T01:45:05+02:00,97,3522
2026-08-03T03:18:11+02:00,64,1928
2026-08-03T06:52:21+02:00,26,587
2026-08-03T10:38:32+02:00,72,4942
2026-08-03T14:02:49+02:00,119,8798
2026-08-03T17:11:19+02:00,151,8996
2026-08-03T19:21:37+02:00,210,10538
2026-08-03T21:00:57+02:00,266,12856
2026-08-03T22:36:49+02:00,239,8356
2026-08-03T23:46:27+02:00,212,8007
2026-08-04T00:44:13+02:00,155,11399
2026-08-04T01:54:08+02:00,107,9057
2026-08-04T05:31:03+02:00,36,699
2026-08-04T08:13:01+02:00,45,1238
2026-08-04T11:15:43+02:00,78,5614
2026-08-04T13:35:30+02:00,109,10670
2026-08-04T15:20:46+02:00,114,11063
2026-08-04T17:41:35+02:00,177,11637
2026-08-04T19:25:01+02:00,241,14821
2026-08-04T21:10:10+02:00,270,9095
2026-08-04T22:46:09+02:00,227,7880
2026-08-04T23:59:44+02:00,182,11383
2026-08-05T01:14:25+02:00,124,9857
2026-08-05T02:16:56+02:00,86,8093
2026-08-05T05:39:56+02:00,25,582
2026-08-05T08:14:08+02:00,31,1256
2026-08-05T11:12:32+02:00,69,11441
2026-08-05T13:32:56+02:00,105,34417
2026-08-05T15:17:19+02:00,121,23584
2026-08-05T17:32:27+02:00,163,21727
2026-08-05T19:06:06+02:00,194,6925
2026-08-05T20:46:23+02:00,293,6945
2026-08-05T22:17:49+02:00,277,8427
2026-08-05T23:37:44+02:00,223,5908
2026-08-06T00:44:36+02:00,168,4534
2026-08-06T01:42:49+02:00,118,9268
2026-08-06T03:08:32+02:00,69,1948
2026-08-06T06:32:54+02:00,26,629
2026-08-06T09:21:39+02:00,45,3045
2026-08-06T12:05:25+02:00,82,8223
2026-08-06T14:15:11+02:00,106,14737
2026-08-06T16:39:59+02:00,140,24429
2026-08-07T02:19:31+02:00,109,15335
2026-08-07T05:21:30+02:00,31,787
2026-08-07T07:09:36+02:00,22,701
2026-08-07T08:37:03+02:00,25,1232
2026-08-07T09:57:25+02:00,36,2105
2026-08-07T11:11:28+02:00,60,6115
2026-08-07T12:14:53+02:00,70,6192
2026-08-07T13:11:35+02:00,77,5933
2026-08-07T14:01:18+02:00,101,8784
2026-08-07T15:24:18+02:00,133,13323
2026-08-07T16:34:51+02:00,157,16907
2026-08-07T17:31:23+02:00,154,21259
2026-08-07T18:28:06+02:00,171,11820
2026-08-07T19:28:16+02:00,204,9834
2026-08-07T20:26:38+02:00,242,12441
2026-08-07T21:35:35+02:00,276,12992
2026-08-07T22:18:55+02:00,303,12038
2026-08-07T23:04:13+02:00,294,5928
2026-08-07T23:51:44+02:00,281,5123
2026-08-08T00:24:39+02:00,255,4211
2026-08-08T01:08:40+02:00,196,3436
2026-08-08T01:51:11+02:00,159,3211
2026-08-08T02:44:02+02:00,118,2733
2026-08-08T04:45:50+02:00,50,862
2026-08-08T05:58:52+02:00,30,475
2026-08-08T07:06:57+02:00,27,537
2026-08-08T07:54:14+02:00,29,892
2026-08-08T09:08:47+02:00,38,1479
2026-08-08T10:03:36+02:00,63,4569
2026-08-08T10:54:41+02:00,69,9237
2026-08-08T11:49:36+02:00,77,11216
2026-08-08T12:16:51+02:00,95,14135
2026-08-08T12:55:16+02:00,108,14827
2026-08-08T13:37:19+02:00,120,12208
2026-08-08T14:16:50+02:00,138,12812
2026-08-08T15:16:34+02:00,157,10493
2026-08-08T16:01:21+02:00,163,8449
2026-08-08T16:43:47+02:00,169,7540
2026-08-08T17:13:58+02:00,163,7547
2026-08-08T17:50:45+02:00,158,8149
